{
  "W": {
    "hand": "Left",
    "pitch": 0.23804719582582137,
    "roll": -0.015841127053285258,
    "samples": 78
  },
  "S": {
    "hand": "Left",
    "pitch": 0.4939448721197587,
    "roll": -0.0519674386455037,
    "samples": 79
  },
  "D": {
    "hand": "Right",
    "pitch": 0.15793475247168728,
    "roll": -0.5842911192428233,
    "samples": 86
  },
  "A": {
    "hand": "Right",
    "pitch": 0.14582767106753924,
    "roll": 0.4542658184101055,
    "samples": 77
  }
}